[
  {
    "id": "9a90df66-2791-429f-a155-61975445a847",
    "data": [
      {
        "text": "Help me with hotel booking",
        "userDefined": false
      }
    ],
    "isTemplate": false,
    "count": 0,
    "lang": "en",
    "updated": 0
  },
  {
    "id": "d8e7cc5a-841d-4363-b35b-5e25aa03a267",
    "data": [
      {
        "text": "I am going on a vacation with my family to ",
        "userDefined": false
      },
      {
        "text": "Singapore",
        "meta": "@sys.geo-city",
        "alias": "geo-city",
        "userDefined": true
      },
      {
        "text": " so book suite",
        "userDefined": false
      }
    ],
    "isTemplate": false,
    "count": 0,
    "lang": "en",
    "updated": 0
  },
  {
    "id": "39c8f7b9-377a-4b54-89fc-9519b03135a2",
    "data": [
      {
        "text": "For my stay at ",
        "userDefined": false
      },
      {
        "text": "Hyderabad",
        "meta": "@sys.geo-city",
        "alias": "geo-city",
        "userDefined": false
      },
      {
        "text": " book hotel",
        "userDefined": false
      }
    ],
    "isTemplate": false,
    "count": 0,
    "lang": "en",
    "updated": 0
  },
  {
    "id": "a6d3f335-6a80-4aa5-9189-9649f98d29e9",
    "data": [
      {
        "text": "I want to book hotel at ",
        "userDefined": false
      },
      {
        "text": "Mumbai",
        "meta": "@sys.geo-city",
        "alias": "geo-city",
        "userDefined": false
      }
    ],
    "isTemplate": false,
    "count": 0,
    "lang": "en",
    "updated": 0
  },
  {
    "id": "0e7f8769-5ba1-447f-8100-44d5412990e2",
    "data": [
      {
        "text": "Book hotel for my tour",
        "userDefined": false
      }
    ],
    "isTemplate": false,
    "count": 0,
    "lang": "en",
    "updated": 0
  }
]