[
  {
    "id": "56882241-5f69-40f8-ad94-c2d62a8e67d3",
    "data": [
      {
        "text": "999999999",
        "meta": "@sys.phone-number",
        "alias": "phone-number",
        "userDefined": false
      }
    ],
    "isTemplate": false,
    "count": 0,
    "lang": "en",
    "updated": 0
  },
  {
    "id": "b287b8ec-965a-489e-b2e8-ef20de6b8461",
    "data": [
      {
        "text": "It\u0027s ",
        "userDefined": false
      },
      {
        "text": "1234567890",
        "meta": "@sys.phone-number",
        "alias": "phone-number",
        "userDefined": false
      }
    ],
    "isTemplate": false,
    "count": 0,
    "lang": "en",
    "updated": 0
  },
  {
    "id": "8bdaa14e-26c8-487e-a014-3bc0c988b0da",
    "data": [
      {
        "text": "My phone number is ",
        "userDefined": false
      },
      {
        "text": "111111111",
        "meta": "@sys.phone-number",
        "alias": "phone-number",
        "userDefined": false
      }
    ],
    "isTemplate": false,
    "count": 0,
    "lang": "en",
    "updated": 0
  }
]