[
  {
    "id": "cc13e998-957d-44dc-9dbb-e67488355b2c",
    "data": [
      {
        "text": "Wood",
        "meta": "@sys.last-name",
        "alias": "last-name",
        "userDefined": true
      }
    ],
    "isTemplate": false,
    "count": 0,
    "lang": "en",
    "updated": 0
  },
  {
    "id": "ae1bac53-c22e-4a17-9902-030da455a526",
    "data": [
      {
        "text": "It\u0027s ",
        "userDefined": false
      },
      {
        "text": "Silver",
        "meta": "@sys.last-name",
        "alias": "last-name",
        "userDefined": true
      }
    ],
    "isTemplate": false,
    "count": 0,
    "lang": "en",
    "updated": 0
  },
  {
    "id": "6e165e27-0c2d-4830-b285-65cb4808ec68",
    "data": [
      {
        "text": "My last name is ",
        "userDefined": false
      },
      {
        "text": "Dodia",
        "meta": "@sys.last-name",
        "alias": "last-name",
        "userDefined": false
      }
    ],
    "isTemplate": false,
    "count": 0,
    "lang": "en",
    "updated": 0
  }
]