[
  {
    "id": "1ecdc811-c8ee-4a29-ad44-b21500e59f1a",
    "data": [
      {
        "text": "fgh@yahoo.com",
        "meta": "@sys.email",
        "alias": "email",
        "userDefined": true
      }
    ],
    "isTemplate": false,
    "count": 0,
    "lang": "en",
    "updated": 0
  },
  {
    "id": "4317029e-1de5-4d1d-8ea5-fcc966e37c2f",
    "data": [
      {
        "text": "it\u0027s ",
        "userDefined": false
      },
      {
        "text": "def@email.com",
        "meta": "@sys.email",
        "alias": "email",
        "userDefined": true
      }
    ],
    "isTemplate": false,
    "count": 0,
    "lang": "en",
    "updated": 0
  },
  {
    "id": "b651fad0-7040-4111-b93f-985abec67654",
    "data": [
      {
        "text": "My email id is ",
        "userDefined": false
      },
      {
        "text": "abc@gmail.com",
        "meta": "@sys.email",
        "alias": "email",
        "userDefined": true
      }
    ],
    "isTemplate": false,
    "count": 0,
    "lang": "en",
    "updated": 0
  }
]