[
  {
    "id": "35180fcf-d6ca-4815-a565-bf29dd85e801",
    "data": [
      {
        "text": "3",
        "meta": "@sys.duration",
        "alias": "duration",
        "userDefined": false
      }
    ],
    "isTemplate": false,
    "count": 0,
    "lang": "en",
    "updated": 0
  },
  {
    "id": "571eae32-5bdf-4c79-841c-c5d8a8df15fc",
    "data": [
      {
        "text": "I\u0027ll stay for ",
        "userDefined": false
      },
      {
        "text": "10 days",
        "meta": "@sys.duration",
        "alias": "duration",
        "userDefined": false
      }
    ],
    "isTemplate": false,
    "count": 0,
    "lang": "en",
    "updated": 0
  },
  {
    "id": "1a2a9ad3-dbb3-4325-b1af-8a453ee11560",
    "data": [
      {
        "text": "five days",
        "meta": "@sys.duration",
        "alias": "duration",
        "userDefined": false
      }
    ],
    "isTemplate": false,
    "count": 0,
    "lang": "en",
    "updated": 0
  },
  {
    "id": "a658b27d-de28-4c52-ae65-9839ecbd5981",
    "data": [
      {
        "text": "The number of days will be ",
        "userDefined": false
      },
      {
        "text": "2",
        "meta": "@sys.duration",
        "alias": "duration",
        "userDefined": false
      }
    ],
    "isTemplate": false,
    "count": 0,
    "lang": "en",
    "updated": 0
  }
]