[
  {
    "id": "ace5adf5-de9d-4b2b-83d0-7a272a66a6ad",
    "data": [
      {
        "text": "09-06-2019",
        "meta": "@sys.date-time",
        "alias": "date-time",
        "userDefined": true
      }
    ],
    "isTemplate": false,
    "count": 0,
    "lang": "en",
    "updated": 0
  },
  {
    "id": "08aeea4c-311e-4e66-b7ec-1d8b5b4245ff",
    "data": [
      {
        "text": "The start date is ",
        "userDefined": false
      },
      {
        "text": "12/02/2020",
        "meta": "@sys.date-time",
        "alias": "date-time",
        "userDefined": false
      }
    ],
    "isTemplate": false,
    "count": 0,
    "lang": "en",
    "updated": 0
  },
  {
    "id": "89dc2c8c-50bf-44e1-b8df-b878c61f2f3d",
    "data": [
      {
        "text": "It\u0027s ",
        "userDefined": false
      },
      {
        "text": "25 October 2021",
        "meta": "@sys.date-time",
        "alias": "date-time",
        "userDefined": false
      }
    ],
    "isTemplate": false,
    "count": 0,
    "lang": "en",
    "updated": 0
  }
]