[
  {
    "id": "538a5bc4-7511-402c-a4db-ce66ced2b49f",
    "data": [
      {
        "text": "I am ",
        "userDefined": false
      },
      {
        "text": "lara",
        "meta": "@sys.given-name",
        "alias": "given-name",
        "userDefined": false
      }
    ],
    "isTemplate": false,
    "count": 0,
    "lang": "en",
    "updated": 0
  },
  {
    "id": "5760fb23-3bc2-4b94-b6b1-05a193b8c0d1",
    "data": [
      {
        "text": "my name is ",
        "userDefined": false
      },
      {
        "text": "mary",
        "meta": "@sys.given-name",
        "alias": "given-name",
        "userDefined": true
      }
    ],
    "isTemplate": false,
    "count": 0,
    "lang": "en",
    "updated": 0
  },
  {
    "id": "f4310a55-a1e4-4888-b873-c79832a3c4f0",
    "data": [
      {
        "text": "hrithika",
        "meta": "@sys.given-name",
        "alias": "given-name",
        "userDefined": true
      }
    ],
    "isTemplate": false,
    "count": 0,
    "lang": "en",
    "updated": 0
  }
]