[
  {
    "id": "86098b38-fa4d-4967-81f4-404456eaa943",
    "data": [
      {
        "text": "I choose ",
        "userDefined": false
      },
      {
        "text": "low",
        "meta": "@HotelClass",
        "alias": "hotelclass",
        "userDefined": false
      }
    ],
    "isTemplate": false,
    "count": 0,
    "lang": "en",
    "updated": 0
  },
  {
    "id": "be3b5849-10ca-4a1e-8d4a-430bbb789f76",
    "data": [
      {
        "text": "Economy",
        "meta": "@HotelClass",
        "alias": "hotelclass",
        "userDefined": true
      }
    ],
    "isTemplate": false,
    "count": 0,
    "lang": "en",
    "updated": 0
  },
  {
    "id": "006b8afb-29f7-4315-9116-32bf216adf35",
    "data": [
      {
        "text": "I prefer ",
        "userDefined": false
      },
      {
        "text": "V.I.P",
        "meta": "@HotelClass",
        "alias": "hotelclass",
        "userDefined": false
      },
      {
        "text": ". always",
        "userDefined": false
      }
    ],
    "isTemplate": false,
    "count": 0,
    "lang": "en",
    "updated": 0
  }
]