[
  {
    "id": "a6f1af1d-d8b3-478f-8af0-8c7971b727ad",
    "data": [
      {
        "text": "give me details of booking related to code ",
        "userDefined": false
      },
      {
        "text": "100110",
        "meta": "@Code",
        "alias": "Code",
        "userDefined": false
      }
    ],
    "isTemplate": false,
    "count": 0,
    "lang": "en",
    "updated": 0
  },
  {
    "id": "7386d4d6-6193-4747-8495-74b059c7433e",
    "data": [
      {
        "text": "Display my booking details",
        "userDefined": false
      }
    ],
    "isTemplate": false,
    "count": 0,
    "lang": "en",
    "updated": 0
  },
  {
    "id": "e6edb68f-e9f7-4a22-b6b3-d6e29dee254b",
    "data": [
      {
        "text": "Booking related to ",
        "userDefined": false
      },
      {
        "text": "100910",
        "meta": "@Code",
        "alias": "Code",
        "userDefined": false
      }
    ],
    "isTemplate": false,
    "count": 0,
    "lang": "en",
    "updated": 0
  },
  {
    "id": "643f35e1-7528-412e-948b-d09261534198",
    "data": [
      {
        "text": "Give me booking details for code ",
        "userDefined": false
      },
      {
        "text": "100001",
        "meta": "@Code",
        "alias": "Code",
        "userDefined": false
      }
    ],
    "isTemplate": false,
    "count": 0,
    "lang": "en",
    "updated": 0
  }
]